layer,place_accuracy,heading_accuracy
0,0.005,0.06166666666666667
1,0.16,0.51
2,0.17,0.63
3,0.195,0.5333333333333333
4,0.22,0.565
5,0.20833333333333334,0.58
6,0.20666666666666667,0.6466666666666666
7,0.265,0.66
8,0.30666666666666664,0.72
9,0.385,0.8633333333333333
10,0.47,0.8766666666666667
11,0.5416666666666666,0.8066666666666666
12,0.105,0.19833333333333333
